[
{
  "pk": 1, 
  "model": "stat_db.gender", 
  "fields": {
    "abbreviation": "B",
    "name": "Boys"
  }
},
{
  "pk": 2, 
  "model": "stat_db.gender", 
  "fields": {
    "abbreviation": "G",
    "name": "Girls"
  }
},
{
  "pk": 3, 
  "model": "stat_db.gender", 
  "fields": {
    "abbreviation": "C", 
    "name": "Coed"
  }
},
{
  "pk": 1, 
  "model": "stat_db.level", 
  "fields": {
    "abbreviation": "V", 
    "name": "Varsity"
  }
},
{
  "pk": 2, 
  "model": "stat_db.level", 
  "fields": {
    "abbreviation": "JV", 
    "name": "Junior Varsity"
  }
},
{
  "pk": 3, 
  "model": "stat_db.level", 
  "fields": {
    "abbreviation": "S", 
    "name": "Sophomore"
  }
},
{
  "pk": 4, 
  "model": "stat_db.level", 
  "fields": {
    "abbreviation": "F", 
    "name": "Freshman"
  }
},
{
  "pk": 5, 
  "model": "stat_db.level", 
  "fields": {
    "abbreviation": "MS", 
    "name": "Middle School"
  }
},
{
  "pk": 6, 
  "model": "stat_db.level", 
  "fields": {
    "abbreviation": "JH", 
    "name": "Junior High"
  }
},
{
  "pk": 7, 
  "model": "stat_db.level", 
  "fields": {
    "abbreviation": "7", 
    "name": "7th Grade"
  }
},
{
  "pk": 8, 
  "model": "stat_db.level", 
  "fields": {
    "abbreviation": "8", 
    "name": "8th Grade"
  }
},
{
  "pk": 16, 
  "model": "stat_db.level", 
  "fields": {
    "abbreviation": "A", 
    "name": "Allied"
  }
},
{
  "pk": 20, 
  "model": "stat_db.level", 
  "fields": {
    "abbreviation": "M", 
    "name": "Modified"
  }
},
{
  "pk": 1, 
  "model": "stat_db.sport", 
  "fields": {
    "abbreviation": "FB", 
    "high_score_wins": true, 
    "name": "Football"
  }
},
{
  "pk": 1, 
  "model": "stat_db.entitytype", 
  "fields": {
    "name": "Middle School"
  }
},
{
  "pk": 2, 
  "model": "stat_db.entitytype", 
  "fields": {
    "name": "High School"
  }
},
{
  "pk": 1, 
  "model": "stat_db.eventtype", 
  "fields": {
    "name": "Practice"
  }
},
{
  "pk": 2, 
  "model": "stat_db.eventtype", 
  "fields": {
    "name": "Sport"
  }
},
{
  "pk": 3, 
  "model": "stat_db.eventtype", 
  "fields": {
    "name": "Other"
  }
},
{
  "pk": 4, 
  "model": "stat_db.eventtype", 
  "fields": {
    "name": "Personal"
  }
},
{
  "pk": 5, 
  "model": "stat_db.eventtype", 
  "fields": {
    "name": "Exhibition"
  }
},
{
  "pk": 6, 
  "model": "stat_db.eventtype", 
  "fields": {
    "name": "Scrimmage"
  }
},
{
  "pk": 1, 
  "model": "stat_db.eventstatus", 
  "fields": {
    "name": "Scheduled"
  }
},
{
  "pk": 2, 
  "model": "stat_db.eventstatus", 
  "fields": {
    "name": "Tenative"
  }
},
{
  "pk": 3, 
  "model": "stat_db.eventstatus", 
  "fields": {
    "name": "Postponed"
  }
},
{
  "pk": 4, 
  "model": "stat_db.eventstatus", 
  "fields": {
    "name": "Cancelled"
  }
},
{
  "pk": 1, 
  "model": "stat_db.statistictype", 
  "fields": {
    "code": "0", 
    "name": "Touchbacks"
  }
},
{
  "pk": 2, 
  "model": "stat_db.statistictype", 
  "fields": {
    "code": "0", 
    "name": "Passes Defended"
  }
},
{
  "pk": 3, 
  "model": "stat_db.statistictype", 
  "fields": {
    "code": "0", 
    "name": "Fumbles"
  }
},
{
  "pk": 4, 
  "model": "stat_db.statistictype", 
  "fields": {
    "code": "0", 
    "name": "Fumbles Lost"
  }
},
{
  "pk": 5, 
  "model": "stat_db.statistictype", 
  "fields": {
    "code": "0", 
    "name": "Offensive First Downs"
  }
},
{
  "pk": 6, 
  "model": "stat_db.statistictype", 
  "fields": {
    "code": "0", 
    "name": "Passing Yards Allowed"
  }
},
{
  "pk": 7, 
  "model": "stat_db.statistictype", 
  "fields": {
    "code": "0", 
    "name": "Rushing Yards Allowed"
  }
},
{
  "pk": 8, 
  "model": "stat_db.statistictype", 
  "fields": {
    "code": "0", 
    "name": "Penalities"
  }
},
{
  "pk": 9, 
  "model": "stat_db.statistictype", 
  "fields": {
    "code": "0", 
    "name": "Receptions"
  }
},
{
  "pk": 10, 
  "model": "stat_db.statistictype", 
  "fields": {
    "code": "0", 
    "name": "Receiving Yards"
  }
},
{
  "pk": 11, 
  "model": "stat_db.statistictype", 
  "fields": {
    "code": "0", 
    "name": "Receiving Touchdowns"
  }
},
{
  "pk": 12, 
  "model": "stat_db.statistictype", 
  "fields": {
    "code": "2", 
    "name": "2 Pts Receiving"
  }
},
{
  "pk": 13, 
  "model": "stat_db.statistictype", 
  "fields": {
    "code": "0", 
    "name": "Longest Reception"
  }
},
{
  "pk": 14, 
  "model": "stat_db.statistictype", 
  "fields": {
    "code": "0", 
    "name": "Tackles"
  }
},
{
  "pk": 15, 
  "model": "stat_db.statistictype", 
  "fields": {
    "code": "0", 
    "name": "Solo Tackles"
  }
},
{
  "pk": 16, 
  "model": "stat_db.statistictype", 
  "fields": {
    "code": "0", 
    "name": "Assists"
  }
},
{
  "pk": 17, 
  "model": "stat_db.statistictype", 
  "fields": {
    "code": "0", 
    "name": "Sacks"
  }
},
{
  "pk": 18, 
  "model": "stat_db.statistictype", 
  "fields": {
    "code": "0", 
    "name": "Safeties"
  }
},
{
  "pk": 19, 
  "model": "stat_db.statistictype", 
  "fields": {
    "code": "0", 
    "name": "Forced Fumbles"
  }
},
{
  "pk": 20, 
  "model": "stat_db.statistictype", 
  "fields": {
    "code": "0", 
    "name": "Fumble Recoveries"
  }
},
{
  "pk": 21, 
  "model": "stat_db.statistictype", 
  "fields": {
    "code": "0", 
    "name": "Fumble Touchdowns"
  }
},
{
  "pk": 22, 
  "model": "stat_db.statistictype", 
  "fields": {
    "code": "0", 
    "name": "Interceptions"
  }
},
{
  "pk": 23, 
  "model": "stat_db.statistictype", 
  "fields": {
    "code": "0", 
    "name": "Rushing Attempts"
  }
},
{
  "pk": 24, 
  "model": "stat_db.statistictype", 
  "fields": {
    "code": "0", 
    "name": "Rushing Yards"
  }
},
{
  "pk": 25, 
  "model": "stat_db.statistictype", 
  "fields": {
    "code": "0", 
    "name": "Rushing Touchdowns"
  }
},
{
  "pk": 26, 
  "model": "stat_db.statistictype", 
  "fields": {
    "code": "0", 
    "name": "2 Pts Rushing"
  }
},
{
  "pk": 27, 
  "model": "stat_db.statistictype", 
  "fields": {
    "code": "0", 
    "name": "Longest Rushing Yards"
  }
},
{
  "pk": 28, 
  "model": "stat_db.statistictype", 
  "fields": {
    "code": "0", 
    "name": "Tackles for Loss"
  }
},
{
  "pk": 29, 
  "model": "stat_db.statistictype", 
  "fields": {
    "code": "0", 
    "name": "Interception Yards"
  }
},
{
  "pk": 30, 
  "model": "stat_db.statistictype", 
  "fields": {
    "code": "0", 
    "name": "Interception Touchdowns"
  }
},
{
  "pk": 31, 
  "model": "stat_db.statistictype", 
  "fields": {
    "code": "0", 
    "name": "Longest Interception"
  }
},
{
  "pk": 32, 
  "model": "stat_db.statistictype", 
  "fields": {
    "code": "0", 
    "name": "Blocked Kick"
  }
},
{
  "pk": 33, 
  "model": "stat_db.statistictype", 
  "fields": {
    "code": "0", 
    "name": "Passing Attempts"
  }
},
{
  "pk": 34, 
  "model": "stat_db.statistictype", 
  "fields": {
    "code": "0", 
    "name": "Passing Completions"
  }
},
{
  "pk": 35, 
  "model": "stat_db.statistictype", 
  "fields": {
    "code": "0", 
    "name": "Passing Yards"
  }
},
{
  "pk": 36, 
  "model": "stat_db.statistictype", 
  "fields": {
    "code": "0", 
    "name": "Passing Interceptions"
  }
},
{
  "pk": 37, 
  "model": "stat_db.statistictype", 
  "fields": {
    "code": "0", 
    "name": "Passing Touchdowns"
  }
},
{
  "pk": 38, 
  "model": "stat_db.statistictype", 
  "fields": {
    "code": "0", 
    "name": "2 Pts Passing"
  }
},
{
  "pk": 39, 
  "model": "stat_db.statistictype", 
  "fields": {
    "code": "0", 
    "name": "Longest Pass"
  }
},
{
  "pk": 40, 
  "model": "stat_db.statistictype", 
  "fields": {
    "code": "0", 
    "name": "Extra Points Attempted"
  }
},
{
  "pk": 41, 
  "model": "stat_db.statistictype", 
  "fields": {
    "code": "0", 
    "name": "Extra Points Made"
  }
},
{
  "pk": 42, 
  "model": "stat_db.statistictype", 
  "fields": {
    "code": "0", 
    "name": "Field Goals Attempted"
  }
},
{
  "pk": 43, 
  "model": "stat_db.statistictype", 
  "fields": {
    "code": "0", 
    "name": "Field Goals Made"
  }
},
{
  "pk": 44, 
  "model": "stat_db.statistictype", 
  "fields": {
    "code": "0", 
    "name": "Longest Field Goal"
  }
},
{
  "pk": 45, 
  "model": "stat_db.statistictype", 
  "fields": {
    "code": "0", 
    "name": "Kickoffs"
  }
},
{
  "pk": 46, 
  "model": "stat_db.statistictype", 
  "fields": {
    "code": "0", 
    "name": "Longest Kickoff"
  }
},
{
  "pk": 47, 
  "model": "stat_db.statistictype", 
  "fields": {
    "code": "0", 
    "name": "Kickoff Yards"
  }
},
{
  "pk": 49, 
  "model": "stat_db.statistictype", 
  "fields": {
    "code": "0", 
    "name": "Kickoff Returns"
  }
},
{
  "pk": 50, 
  "model": "stat_db.statistictype", 
  "fields": {
    "code": "0", 
    "name": "Kickoff Yards"
  }
},
{
  "pk": 51, 
  "model": "stat_db.statistictype", 
  "fields": {
    "code": "0", 
    "name": "Longest Kickoff Return"
  }
},
{
  "pk": 52, 
  "model": "stat_db.statistictype", 
  "fields": {
    "code": "0", 
    "name": "Kickoff touchdowns"
  }
},
{
  "pk": 53, 
  "model": "stat_db.statistictype", 
  "fields": {
    "code": "0", 
    "name": "Punts"
  }
},
{
  "pk": 54, 
  "model": "stat_db.statistictype", 
  "fields": {
    "code": "0", 
    "name": "Punt Yards"
  }
},
{
  "pk": 55, 
  "model": "stat_db.statistictype", 
  "fields": {
    "code": "0", 
    "name": "Longest Punt"
  }
},
{
  "pk": 56, 
  "model": "stat_db.statistictype", 
  "fields": {
    "code": "0", 
    "name": "Punt Returns"
  }
},
{
  "pk": 57, 
  "model": "stat_db.statistictype", 
  "fields": {
    "code": "0", 
    "name": "Punt Return Yards"
  }
},
{
  "pk": 58, 
  "model": "stat_db.statistictype", 
  "fields": {
    "code": "0", 
    "name": "Longest Punt Return"
  }
},
{
  "pk": 59, 
  "model": "stat_db.statistictype", 
  "fields": {
    "code": "0", 
    "name": "Punt Return Touchdowns"
  }
},
{
  "pk": 60, 
  "model": "stat_db.statistictype", 
  "fields": {
    "code": "0", 
    "name": "Penalty Yards"
  }
}
]
