[
{
  "pk": 1, 
  "model": "stat_db.sport", 
  "fields": {
    "abbreviation": "FB", 
    "high_score_wins": true, 
    "name": "Football"
  }
},
{
  "pk": 2, 
  "model": "stat_db.sport", 
  "fields": {
    "abbreviation": "BB", 
    "high_score_wins": true, 
    "name": "Basketball"
  }
},
{
  "pk": 3, 
  "model": "stat_db.sport", 
  "fields": {
    "abbreviation": "CC", 
    "high_score_wins": false, 
    "name": "Cross Country"
  }
},
{
  "pk": 4, 
  "model": "stat_db.sport", 
  "fields": {
    "abbreviation": "B", 
    "high_score_wins": true, 
    "name": "Baseball"
  }
},
{
  "pk": 5, 
  "model": "stat_db.sport", 
  "fields": {
    "abbreviation": "G", 
    "high_score_wins": false, 
    "name": "Golf"
  }
},
{
  "pk": 6, 
  "model": "stat_db.sport", 
  "fields": {
    "abbreviation": "ICE", 
    "high_score_wins": true, 
    "name": "Ice Hockey"
  }
},
{
  "pk": 7, 
  "model": "stat_db.sport", 
  "fields": {
    "abbreviation": "SOC", 
    "high_score_wins": false, 
    "name": "Soccer"
  }
},
{
  "pk": 8, 
  "model": "stat_db.sport", 
  "fields": {
    "abbreviation": "SB", 
    "high_score_wins": true, 
    "name": "Softball"
  }
},
{
  "pk": 9, 
  "model": "stat_db.sport", 
  "fields": {
    "abbreviation": "TEN", 
    "high_score_wins": false, 
    "name": "Tennis"
  }
},
{
  "pk": 10, 
  "model": "stat_db.sport", 
  "fields": {
    "abbreviation": "FH", 
    "high_score_wins": true, 
    "name": "Field Hockey"
  }
},
{
  "pk": 11, 
  "model": "stat_db.sport", 
  "fields": {
    "abbreviation": "W", 
    "high_score_wins": false, 
    "name": "Wrestling"
  }
},
{
  "pk": 12, 
  "model": "stat_db.sport", 
  "fields": {
    "abbreviation": "TRK", 
    "high_score_wins": false, 
    "name": "Track"
  }
},
{
  "pk": 13, 
  "model": "stat_db.sport", 
  "fields": {
    "abbreviation": "CHR", 
    "high_score_wins": true, 
    "name": "Cheerleading"
  }
},
{
  "pk": 14, 
  "model": "stat_db.sport", 
  "fields": {
    "abbreviation": "SWM", 
    "high_score_wins": false, 
    "name": "Swimming"
  }
},
{
  "pk": 15, 
  "model": "stat_db.sport", 
  "fields": {
    "abbreviation": "LAX", 
    "high_score_wins": true, 
    "name": "Lacrosse"
  }
},
{
  "pk": 16, 
  "model": "stat_db.sport", 
  "fields": {
    "abbreviation": "WP", 
    "high_score_wins": true, 
    "name": "Water Polo"
  }
},
{
  "pk": 17, 
  "model": "stat_db.sport", 
  "fields": {
    "abbreviation": "RUG", 
    "high_score_wins": true, 
    "name": "Rugby"
  }
},
{
  "pk": 18, 
  "model": "stat_db.sport", 
  "fields": {
    "abbreviation": "VB", 
    "high_score_wins": false, 
    "name": "Volleyball"
  }
},
{
  "pk": 19, 
  "model": "stat_db.sport", 
  "fields": {
    "abbreviation": "DIV", 
    "high_score_wins": true, 
    "name": "Diving"
  }
},
{
  "pk": 20, 
  "model": "stat_db.sport", 
  "fields": {
    "abbreviation": "BAD", 
    "high_score_wins": false, 
    "name": "Badminton"
  }
},
{
  "pk": 21, 
  "model": "stat_db.sport", 
  "fields": {
    "abbreviation": "XCS", 
    "high_score_wins": false, 
    "name": "XC Skiing"
  }
},
{
  "pk": 22, 
  "model": "stat_db.sport", 
  "fields": {
    "abbreviation": "BWL", 
    "high_score_wins": true, 
    "name": "Bowling"
  }
},
{
  "pk": 23, 
  "model": "stat_db.sport", 
  "fields": {
    "abbreviation": "INTK", 
    "high_score_wins": false, 
    "name": "Indoor Track"
  }
},
{
  "pk": 24, 
  "model": "stat_db.sport", 
  "fields": {
    "abbreviation": "SKI", 
    "high_score_wins": false, 
    "name": "Skiing"
  }
},
{
  "pk": 25, 
  "model": "stat_db.sport", 
  "fields": {
    "abbreviation": "SQ", 
    "high_score_wins": true, 
    "name": "Squash"
  }
},
{
  "pk": 26, 
  "model": "stat_db.sport", 
  "fields": {
    "abbreviation": "TRAP", 
    "high_score_wins": true, 
    "name": "Trap Shooting"
  }
},
{
  "pk": 27, 
  "model": "stat_db.sport", 
  "fields": {
    "abbreviation": "FEN", 
    "high_score_wins": true, 
    "name": "Fencing"
  }
},
{
  "pk": 28, 
  "model": "stat_db.sport", 
  "fields": {
    "abbreviation": "PDL", 
    "high_score_wins": false, 
    "name": "Paddleball"
  }
},
{
  "pk": 29, 
  "model": "stat_db.sport", 
  "fields": {
    "abbreviation": "SAIL", 
    "high_score_wins": false, 
    "name": "Sailing"
  }
},
{
  "pk": 30, 
  "model": "stat_db.sport", 
  "fields": {
    "abbreviation": "EQU", 
    "high_score_wins": true, 
    "name": "Equestrian"
  }
},
{
  "pk": 31, 
  "model": "stat_db.sport", 
  "fields": {
    "abbreviation": "RQB", 
    "high_score_wins": true, 
    "name": "Racquetball"
  }
},
{
  "pk": 32, 
  "model": "stat_db.sport", 
  "fields": {
    "abbreviation": "ROW", 
    "high_score_wins": false, 
    "name": "Rowing"
  }
},
{
  "pk": 33, 
  "model": "stat_db.sport", 
  "fields": {
    "abbreviation": "SBRD", 
    "high_score_wins": true, 
    "name": "Snowboarding"
  }
},
{
  "pk": 35, 
  "model": "stat_db.sport", 
  "fields": {
    "abbreviation": "SURF", 
    "high_score_wins": true, 
    "name": "Surfing"
  }
},
{
  "pk": 36, 
  "model": "stat_db.sport", 
  "fields": {
    "abbreviation": "ARCH", 
    "high_score_wins": true, 
    "name": "Archery"
  }
},
{
  "pk": 37, 
  "model": "stat_db.sport", 
  "fields": {
    "abbreviation": "CLMB", 
    "high_score_wins": false, 
    "name": "Climbing"
  }
},
{
  "pk": 38, 
  "model": "stat_db.sport", 
  "fields": {
    "abbreviation": "SLA", 
    "high_score_wins": false, 
    "name": "Slalom Skiing"
  }
},
{
  "pk": 39, 
  "model": "stat_db.sport", 
  "fields": {
    "abbreviation": "WGHT", 
    "high_score_wins": false, 
    "name": "Weightlifting"
  }
},
{
  "pk": 40, 
  "model": "stat_db.sport", 
  "fields": {
    "abbreviation": "ALP", 
    "high_score_wins": false, 
    "name": "Alphine Akiing"
  }
},
{
  "pk": 41, 
  "model": "stat_db.sport", 
  "fields": {
    "abbreviation": "SCH", 
    "high_score_wins": true, 
    "name": "Scholastic Bowl"
  }
},
{
  "pk": 42, 
  "model": "stat_db.sport", 
  "fields": {
    "abbreviation": "CURL", 
    "high_score_wins": true, 
    "name": "Curling"
  }
},
{
  "pk": 43, 
  "model": "stat_db.sport", 
  "fields": {
    "abbreviation": "FIG", 
    "high_score_wins": true, 
    "name": "Figure Skating"
  }
},
{
  "pk": 44, 
  "model": "stat_db.sport", 
  "fields": {
    "abbreviation": "GYM", 
    "high_score_wins": true, 
    "name": "Gymnastics"
  }
},
{
  "pk": 45, 
  "model": "stat_db.sport", 
  "fields": {
    "abbreviation": "CREW", 
    "high_score_wins": false, 
    "name": "Crew"
  }
},
{
  "pk": 46, 
  "model": "stat_db.sport", 
  "fields": {
    "abbreviation": "CHS", 
    "high_score_wins": false, 
    "name": "Chess"
  }
},
{
  "pk": 48, 
  "model": "stat_db.sport", 
  "fields": {
    "abbreviation": "DAN", 
    "high_score_wins": true, 
    "name": "Dance"
  }
},
{
  "pk": 49, 
  "model": "stat_db.sport", 
  "fields": {
    "abbreviation": "HB", 
    "high_score_wins": true, 
    "name": "Hand Ball"
  }
}
]
