[
{
  "pk": 1, 
  "model": "stat_db.gender", 
  "fields": {
    "abbreviation": "B", 
    "name": "Boys"
  }
},
{
  "pk": 2, 
  "model": "stat_db.gender", 
  "fields": {
    "abbreviation": "G", 
    "name": "Girls"
  }
},
{
  "pk": 3, 
  "model": "stat_db.gender", 
  "fields": {
    "abbreviation": "C", 
    "name": "Coed"
  }
},
{
  "pk": 1, 
  "model": "stat_db.level", 
  "fields": {
    "abbreviation": "V", 
    "name": "Varsity"
  }
},
{
  "pk": 2, 
  "model": "stat_db.level", 
  "fields": {
    "abbreviation": "JV", 
    "name": "Junior Varsity"
  }
},
{
  "pk": 3, 
  "model": "stat_db.level", 
  "fields": {
    "abbreviation": "S", 
    "name": "Sophomore"
  }
},
{
  "pk": 4, 
  "model": "stat_db.level", 
  "fields": {
    "abbreviation": "F", 
    "name": "Freshman"
  }
},
{
  "pk": 5, 
  "model": "stat_db.level", 
  "fields": {
    "abbreviation": "MS", 
    "name": "Middle School"
  }
},
{
  "pk": 6, 
  "model": "stat_db.level", 
  "fields": {
    "abbreviation": "JH", 
    "name": "Junior High"
  }
},
{
  "pk": 7, 
  "model": "stat_db.level", 
  "fields": {
    "abbreviation": "7", 
    "name": "7th Grade"
  }
},
{
  "pk": 8, 
  "model": "stat_db.level", 
  "fields": {
    "abbreviation": "8", 
    "name": "8th Grade"
  }
},
{
  "pk": 16, 
  "model": "stat_db.level", 
  "fields": {
    "abbreviation": "A", 
    "name": "Allied"
  }
},
{
  "pk": 20, 
  "model": "stat_db.level", 
  "fields": {
    "abbreviation": "M", 
    "name": "Modified"
  }
},
{
  "pk": 1, 
  "model": "stat_db.sport", 
  "fields": {
    "abbreviation": "FB", 
    "high_score_wins": true, 
    "name": "Football"
  }
},
{
  "pk": 1, 
  "model": "stat_db.entitytype", 
  "fields": {
    "name": "Middle School"
  }
},
{
  "pk": 2, 
  "model": "stat_db.entitytype", 
  "fields": {
    "name": "High School"
  }
},
{
  "pk": 1, 
  "model": "stat_db.entity", 
  "fields": {
    "phone_number": null, 
    "name": "Team School", 
    "entity_type": 2, 
    "color1": "", 
    "color2": "", 
    "address": null, 
    "logo": "", 
    "mascot": ""
  }
},
{
  "pk": 2, 
  "model": "stat_db.entity", 
  "fields": {
    "phone_number": null, 
    "name": "Team Sport", 
    "entity_type": 2, 
    "color1": "", 
    "color2": "", 
    "address": null, 
    "logo": "", 
    "mascot": ""
  }
},
{
  "pk": 1, 
  "model": "stat_db.team", 
  "fields": {
    "name": "", 
    "level": 1, 
    "gender": 1, 
    "entity": 1, 
    "sport": 1, 
    "team_year": "2013"
  }
},
{
  "pk": 2, 
  "model": "stat_db.team", 
  "fields": {
    "name": "", 
    "level": 1, 
    "gender": 1, 
    "entity": 2, 
    "sport": 1, 
    "team_year": "2013"
  }
},
{
  "pk": 1, 
  "model": "stat_db.athlete", 
  "fields": {
    "middle_initial": "K", 
    "first_name": "Man", 
    "last_name": "Murphy", 
    "weight": "210", 
    "level": 1, 
    "gender": "1", 
    "entity": 1, 
    "height_feet": "5", 
    "is_starter": false, 
    "graduation_year": "2014", 
    "position": "QB", 
    "jersey_num": "57", 
    "height_inch": "5"
  }
},
{
  "pk": 1, 
  "model": "stat_db.eventstatus", 
  "fields": {
    "name": "Scheduled"
  }
},
{
  "pk": 2, 
  "model": "stat_db.eventstatus", 
  "fields": {
    "name": "Tenative"
  }
},
{
  "pk": 3, 
  "model": "stat_db.eventstatus", 
  "fields": {
    "name": "Postponed"
  }
},
{
  "pk": 4, 
  "model": "stat_db.eventstatus", 
  "fields": {
    "name": "Cancelled"
  }
},
{
  "pk": 1, 
  "model": "stat_db.eventtype", 
  "fields": {
    "name": "Practice"
  }
},
{
  "pk": 2, 
  "model": "stat_db.eventtype", 
  "fields": {
    "name": "Sport"
  }
},
{
  "pk": 3, 
  "model": "stat_db.eventtype", 
  "fields": {
    "name": "Other"
  }
},
{
  "pk": 4, 
  "model": "stat_db.eventtype", 
  "fields": {
    "name": "Personal"
  }
},
{
  "pk": 5, 
  "model": "stat_db.eventtype", 
  "fields": {
    "name": "Exhibition"
  }
},
{
  "pk": 6, 
  "model": "stat_db.eventtype", 
  "fields": {
    "name": "Scrimmage"
  }
},
{
  "pk": 1, 
  "model": "stat_db.event", 
  "fields": {
    "event_type": null, 
    "title": " @ ", 
    "gender": 1, 
    "start_time": "14:10:00", 
    "level": 2, 
    "facility": null, 
    "end_time": null, 
    "event_status": 1, 
    "date": null, 
    "time_tba": false, 
    "sport": 1, 
    "is_conference": false, 
    "date_tba": true
  }
},
{
  "pk": 2, 
  "model": "stat_db.event", 
  "fields": {
    "event_type": null, 
    "title": " @ ", 
    "gender": 1, 
    "start_time": "04:25:00", 
    "level": 1, 
    "facility": null, 
    "end_time": null, 
    "event_status": 2, 
    "date": null, 
    "time_tba": true, 
    "sport": 1, 
    "is_conference": true, 
    "date_tba": true
  }
},
{
  "pk": 3, 
  "model": "stat_db.event", 
  "fields": {
    "event_type": null, 
    "title": " @ ", 
    "gender": 1, 
    "start_time": "14:10:00", 
    "level": 1, 
    "facility": null, 
    "end_time": null, 
    "event_status": 1, 
    "date": null, 
    "time_tba": false, 
    "sport": 1, 
    "is_conference": false, 
    "date_tba": true
  }
},
{
  "pk": 4, 
  "model": "stat_db.event", 
  "fields": {
    "event_type": null, 
    "title": "Team Sport @ Team School", 
    "gender": 1, 
    "start_time": "14:10:00", 
    "level": 1, 
    "facility": null, 
    "end_time": null, 
    "event_status": 1, 
    "date": null, 
    "time_tba": false, 
    "sport": 1, 
    "is_conference": false, 
    "date_tba": true
  }
},
{
  "pk": 1, 
  "model": "stat_db.eventparticipant", 
  "fields": {
    "is_tba": false, 
    "is_host": true, 
    "has_accepted": true, 
    "event": 1, 
    "entity": 1
  }
},
{
  "pk": 2, 
  "model": "stat_db.eventparticipant", 
  "fields": {
    "is_tba": false, 
    "is_host": false, 
    "has_accepted": true, 
    "event": 1, 
    "entity": 1
  }
},
{
  "pk": 3, 
  "model": "stat_db.eventparticipant", 
  "fields": {
    "is_tba": false, 
    "is_host": true, 
    "has_accepted": true, 
    "event": 2, 
    "entity": 1
  }
},
{
  "pk": 4, 
  "model": "stat_db.eventparticipant", 
  "fields": {
    "is_tba": false, 
    "is_host": false, 
    "has_accepted": true, 
    "event": 2, 
    "entity": 2
  }
},
{
  "pk": 5, 
  "model": "stat_db.eventparticipant", 
  "fields": {
    "is_tba": true, 
    "is_host": true, 
    "has_accepted": true, 
    "event": 3, 
    "entity": null
  }
},
{
  "pk": 6, 
  "model": "stat_db.eventparticipant", 
  "fields": {
    "is_tba": true, 
    "is_host": false, 
    "has_accepted": true, 
    "event": 3, 
    "entity": null
  }
},
{
  "pk": 7, 
  "model": "stat_db.eventparticipant", 
  "fields": {
    "is_tba": false, 
    "is_host": true, 
    "has_accepted": true, 
    "event": 4, 
    "entity": 1
  }
},
{
  "pk": 8, 
  "model": "stat_db.eventparticipant", 
  "fields": {
    "is_tba": false, 
    "is_host": false, 
    "has_accepted": true, 
    "event": 4, 
    "entity": 2
  }
},
{
  "pk": 1, 
  "model": "stat_db.score", 
  "fields": {
    "breakdown": "Quarter", 
    "score": "12", 
    "event": 1, 
    "eventparticipant": 1
  }
},
{
  "pk": 2, 
  "model": "stat_db.score", 
  "fields": {
    "breakdown": "Quarter", 
    "score": "12", 
    "event": 1, 
    "eventparticipant": 2
  }
},
{
  "pk": 3, 
  "model": "stat_db.score", 
  "fields": {
    "breakdown": "Quarter", 
    "score": "0", 
    "event": 2, 
    "eventparticipant": 3
  }
},
{
  "pk": 4, 
  "model": "stat_db.score", 
  "fields": {
    "breakdown": "Quarter", 
    "score": "0", 
    "event": 2, 
    "eventparticipant": 4
  }
},
{
  "pk": 5, 
  "model": "stat_db.score", 
  "fields": {
    "breakdown": "Quarter", 
    "score": "0", 
    "event": 3, 
    "eventparticipant": 5
  }
},
{
  "pk": 6, 
  "model": "stat_db.score", 
  "fields": {
    "breakdown": "Quarter", 
    "score": "0", 
    "event": 3, 
    "eventparticipant": 6
  }
},
{
  "pk": 7, 
  "model": "stat_db.score", 
  "fields": {
    "breakdown": "Quarter", 
    "score": "0", 
    "event": 4, 
    "eventparticipant": 7
  }
},
{
  "pk": 8, 
  "model": "stat_db.score", 
  "fields": {
    "breakdown": "Quarter", 
    "score": "0", 
    "event": 4, 
    "eventparticipant": 8
  }
}